timestep,value,numenta_score,our_score,abs_error,pred_count
0,19.761251903,1.0,1.0,0.0,0
1,20.500833287,1.0,1.0,0.0,0
2,19.9616414445,1.0,1.0,0.0,0
3,21.4902660734,1.0,1.0,0.0,0
4,20.1877394098,1.0,1.0,0.0,0
